Student_ID,Attendance,Study_Hours,Assignment_Score,Internal_Marks,Previous_Semester_Score,Participation,Backlogs,Final_Score,Performance
1,88,6.8,91,97,50,3,0,94.75,Excellent
2,78,5.3,73,38,55,8,1,76.75,Good
3,64,6.3,100,92,57,3,3,81.4,Good
4,92,7.6,53,59,69,9,0,98.85,Excellent
5,57,6.0,75,81,87,4,0,89.4,Excellent
6,70,6.3,72,72,94,6,3,86.0,Excellent
7,88,6.1,62,49,49,3,1,74.1,Good
8,68,4.4,89,97,57,0,0,76.35,Good
9,72,4.0,84,55,77,8,3,72.8,Good
10,60,9.1,41,91,58,3,0,94.95,Excellent
11,60,6.5,80,87,75,8,2,91.9,Excellent
12,73,3.2,60,80,98,5,4,67.05,Average
13,85,5.5,41,48,52,0,2,60.4,Average
14,89,4.0,66,51,95,2,0,75.45,Good
15,73,9.4,96,73,85,10,1,100.0,Excellent
16,52,1.1,48,43,42,1,4,27.0,Needs Improvement
17,71,3.0,40,40,49,8,2,55.45,Average
18,51,4.3,50,57,77,0,3,54.45,Average
19,73,5.4,42,93,40,8,1,79.85,Good
20,93,8.7,91,80,94,8,2,100.0,Excellent
21,79,1.8,62,72,95,7,3,65.05,Average
22,87,8.3,65,48,66,7,0,97.6,Excellent
23,51,1.5,43,96,85,10,3,63.8,Average
24,70,8.6,57,69,47,0,2,79.25,Good
25,82,1.5,94,53,90,10,2,71.5,Good
26,61,1.2,45,64,85,7,0,62.2,Average
27,71,7.3,74,59,81,9,3,90.75,Excellent
28,93,10.0,61,74,56,2,3,93.1,Excellent
29,74,9.1,82,48,48,10,0,100.0,Excellent
30,98,6.2,54,60,100,6,3,85.8,Excellent
31,76,9.3,61,56,45,10,0,100.0,Excellent
32,91,1.0,99,82,82,0,1,63.3,Average
33,77,9.8,76,85,64,0,2,95.75,Excellent
34,65,5.4,91,37,78,9,1,83.9,Good
35,64,7.5,81,76,88,4,4,86.05,Excellent
36,96,8.4,51,53,99,4,4,88.45,Excellent
37,100,7.5,86,62,67,7,4,89.7,Excellent
38,93,5.8,88,79,72,6,0,95.35,Excellent
39,52,5.3,81,97,93,7,3,85.95,Excellent
40,86,8.5,77,53,76,5,1,97.25,Excellent
41,100,2.8,57,81,48,5,1,67.85,Average
42,56,9.7,84,48,57,1,1,89.0,Excellent
43,70,7.4,74,72,95,5,1,96.5,Excellent
44,58,2.8,69,87,98,4,4,64.05,Average
45,88,7.6,63,95,60,2,1,91.65,Excellent
46,67,5.8,81,70,41,5,3,71.9,Good
47,53,7.4,69,74,100,7,4,88.6,Excellent
48,74,7.9,53,64,97,8,1,99.75,Excellent
49,63,1.8,45,43,82,0,0,50.2,Average
50,99,5.6,42,98,98,2,2,85.35,Excellent
51,58,9.4,55,67,99,2,2,94.15,Excellent
52,75,3.9,46,86,77,10,2,79.25,Good
53,51,6.3,91,48,97,7,4,80.3,Good
54,69,4.3,53,87,79,0,1,70.0,Average
55,77,5.1,48,93,75,4,4,71.85,Good
56,96,5.9,54,75,89,2,3,78.8,Good
57,56,5.9,60,42,99,1,0,76.6,Good
58,93,2.8,74,36,82,7,0,73.15,Good
59,57,7.2,41,75,76,2,2,77.9,Good
60,96,1.8,66,89,54,6,2,64.9,Average
61,84,2.2,41,50,67,10,2,62.15,Average
62,63,1.0,74,96,57,0,1,53.15,Average
63,66,2.1,57,82,73,5,3,58.45,Average
64,85,5.3,53,64,61,2,3,66.2,Average
65,99,6.5,59,46,50,7,3,76.9,Good
66,89,8.1,57,69,97,5,3,94.1,Excellent
67,53,2.0,49,45,96,1,2,49.0,Needs Improvement
68,51,8.7,64,98,52,5,0,98.25,Excellent
69,55,7.7,41,84,43,6,2,81.3,Good
70,91,4.7,64,55,61,4,3,66.95,Average
71,53,9.4,100,82,46,2,2,92.55,Excellent
72,78,9.9,93,54,100,3,3,100.0,Excellent
73,67,2.8,72,78,82,3,4,59.35,Average
74,75,4.4,75,67,93,5,0,84.0,Good
75,93,9.3,70,95,63,9,4,100.0,Excellent
76,83,7.5,53,43,43,0,1,72.1,Good
77,59,1.4,40,69,67,10,2,58.05,Average
78,85,8.0,85,99,54,3,1,97.6,Excellent
79,63,8.5,55,42,40,9,2,84.1,Good
80,80,7.8,93,79,94,3,4,92.05,Excellent
81,97,8.2,85,81,42,9,3,97.4,Excellent
82,64,8.4,100,74,53,0,3,83.0,Good
83,57,2.7,91,88,77,8,2,74.7,Good
84,63,3.1,42,80,89,3,3,60.55,Average
85,72,6.7,74,81,96,6,4,87.8,Excellent
86,89,9.2,80,49,40,2,3,83.15,Good
87,70,3.8,45,53,77,9,4,63.75,Average
88,65,6.3,64,60,77,2,1,78.25,Good
89,94,7.1,52,86,60,7,4,85.1,Excellent
90,67,5.1,92,56,87,7,0,88.45,Excellent
91,96,7.4,73,55,68,10,0,100.0,Excellent
92,73,9.1,47,85,44,0,0,89.3,Excellent
93,75,6.6,60,72,88,9,2,92.75,Excellent
94,74,5.9,73,54,49,1,2,67.65,Average
95,94,4.9,43,63,67,7,2,75.55,Good
96,90,6.2,64,85,60,0,4,71.1,Good
97,78,4.2,54,38,89,7,2,70.7,Good
98,64,4.5,43,89,46,7,1,73.05,Good
99,94,5.8,84,62,42,1,0,78.0,Good
100,50,1.6,99,38,84,3,4,47.25,Needs Improvement
101,74,3.1,51,56,86,5,0,70.15,Good
102,56,5.9,71,79,59,10,2,85.15,Excellent
103,58,4.9,71,100,58,8,4,75.45,Good
104,73,4.0,67,68,74,7,3,70.9,Good
105,50,7.6,52,89,43,7,1,87.2,Excellent
106,93,7.2,70,35,44,6,2,79.25,Good
107,57,2.5,53,72,40,8,2,57.4,Average
108,73,8.9,59,40,43,1,1,79.4,Good
109,60,5.5,57,59,51,2,1,67.05,Average
110,100,7.7,68,51,99,9,3,98.2,Excellent
111,66,6.2,99,95,66,7,2,92.45,Excellent
112,57,10.0,45,46,95,5,2,95.0,Excellent
113,84,7.8,71,40,81,9,0,99.95,Excellent
114,84,7.4,68,61,62,8,4,84.4,Good
115,82,8.0,82,42,64,9,4,87.3,Excellent
116,54,2.3,41,99,60,3,0,62.05,Average
117,91,2.8,99,91,100,7,4,79.2,Good
118,88,7.4,62,74,97,9,1,100.0,Excellent
119,90,5.4,58,48,91,2,4,68.0,Average
120,77,7.8,70,69,63,2,4,78.45,Good
121,56,1.9,90,82,64,7,0,71.1,Good
122,58,5.8,44,90,84,4,3,76.1,Good
123,57,4.4,58,83,94,2,4,65.65,Average
124,61,5.1,73,47,85,9,4,73.5,Good
125,83,6.4,49,95,71,10,3,91.0,Excellent
126,82,5.5,64,83,94,0,0,84.8,Good
127,97,5.9,41,80,71,2,3,74.4,Good
128,72,5.4,50,96,44,8,0,85.3,Excellent
129,73,4.7,89,42,75,4,1,74.2,Good
130,86,7.9,100,77,85,9,0,100.0,Excellent
131,84,1.1,70,54,81,1,1,54.1,Average
132,93,6.4,95,73,88,6,1,98.4,Excellent
133,89,6.1,54,83,81,1,0,86.25,Excellent
134,71,7.4,48,98,97,3,2,92.35,Excellent
135,76,6.4,62,96,78,6,0,96.5,Excellent
136,84,8.4,58,88,55,3,4,84.4,Good
137,50,9.6,48,43,72,6,4,82.7,Good
138,84,4.1,74,71,88,6,2,79.0,Good
139,86,3.0,60,83,60,0,1,62.5,Average
140,96,4.8,48,75,100,5,2,82.1,Good
141,63,3.6,67,51,48,8,4,57.3,Average
142,52,6.5,85,55,45,1,2,68.55,Average
143,50,9.2,90,85,90,2,0,100.0,Excellent
144,54,2.3,46,93,84,9,2,69.4,Average
145,75,1.9,55,73,74,4,1,61.4,Average
146,63,3.3,55,89,78,8,0,79.6,Good
147,88,7.5,99,75,61,3,3,88.25,Excellent
148,76,6.3,72,73,80,0,4,72.3,Good
149,58,1.9,43,47,93,3,4,45.15,Needs Improvement
150,64,9.3,43,98,44,5,2,92.45,Excellent
151,64,8.1,78,45,81,4,0,93.0,Excellent
152,75,1.2,79,53,62,0,3,43.1,Needs Improvement
153,91,6.9,56,45,56,3,0,81.25,Good
154,62,7.9,76,80,51,5,4,81.9,Good
155,100,4.4,78,79,62,9,0,90.4,Excellent
156,81,1.6,99,35,55,9,3,57.5,Average
157,88,1.7,91,74,42,3,2,57.05,Average
158,98,1.9,68,53,69,8,1,67.8,Average
159,81,8.6,91,95,96,4,0,100.0,Excellent
160,53,9.2,75,46,61,7,1,94.1,Excellent
161,79,2.1,99,95,48,8,4,65.8,Average
162,86,3.1,77,67,68,9,2,74.45,Good
163,72,2.5,78,79,86,4,2,68.0,Average
164,88,2.7,89,42,76,5,0,71.15,Good
165,94,8.5,76,59,62,0,2,86.2,Excellent
166,64,4.0,91,80,52,10,0,84.65,Good
167,92,3.8,100,64,71,6,0,83.8,Good
168,78,3.0,74,81,85,3,1,72.5,Good
169,85,6.5,46,83,91,10,2,95.95,Excellent
170,62,4.4,66,81,86,1,0,76.1,Good
171,81,7.7,67,52,87,4,1,91.5,Excellent
172,56,2.9,61,100,62,2,3,58.45,Average
173,100,8.1,53,67,84,5,1,98.15,Excellent
174,71,6.4,46,70,56,7,1,82.25,Good
175,77,2.0,76,53,94,6,0,71.35,Good
176,51,4.7,100,62,79,2,4,65.35,Average
177,91,8.8,61,74,60,7,4,92.1,Excellent
178,94,9.3,44,49,41,1,4,74.7,Good
179,55,5.2,94,75,76,9,1,89.05,Excellent
180,77,5.3,41,73,45,8,0,79.8,Good
181,77,9.3,66,36,83,3,2,90.25,Excellent
182,93,6.3,60,97,57,0,1,82.25,Good
183,93,1.3,93,63,69,7,1,68.3,Average
184,69,9.2,77,100,61,6,0,100.0,Excellent
185,79,3.2,54,85,93,10,3,77.55,Good
186,60,6.2,60,44,72,4,1,75.2,Good
187,77,2.5,49,48,69,9,3,59.3,Average
188,74,1.3,62,85,56,4,3,52.1,Average
189,88,3.8,97,73,82,6,4,74.75,Good
190,82,8.0,95,62,71,4,0,99.15,Excellent
191,50,3.5,78,37,81,7,3,61.8,Average
192,76,3.0,44,61,90,10,0,78.2,Good
193,62,2.9,40,36,53,5,4,43.1,Needs Improvement
194,90,5.6,52,72,97,4,0,89.1,Excellent
195,52,9.8,60,37,49,8,1,92.0,Excellent
196,88,5.1,65,50,86,10,3,81.65,Good
197,55,6.0,89,74,99,1,0,87.7,Excellent
198,57,8.7,84,36,90,0,2,83.85,Good
199,76,5.8,60,75,75,7,0,89.9,Excellent
200,58,2.7,92,46,73,2,3,53.8,Average
201,86,3.7,57,69,48,10,4,66.35,Average
202,82,3.8,76,99,81,6,4,75.7,Good
203,100,4.6,84,89,67,9,3,86.3,Excellent
204,91,4.8,71,79,50,10,1,86.1,Excellent
205,93,8.2,75,96,53,7,1,100.0,Excellent
206,73,4.1,56,83,78,5,4,67.55,Average
207,64,5.2,74,59,94,9,4,78.8,Good
208,81,6.6,88,57,86,8,3,89.95,Excellent
209,81,4.4,99,58,93,6,1,85.2,Excellent
210,73,8.5,50,72,58,9,4,88.45,Excellent
211,90,6.3,60,62,93,4,1,88.0,Excellent
212,98,3.6,91,55,54,7,4,66.65,Average
213,98,7.4,94,88,67,1,0,98.3,Excellent
214,61,5.7,92,52,63,6,2,77.45,Good
215,88,5.8,65,70,47,3,0,79.85,Good
216,51,5.3,43,79,82,8,4,72.8,Good
217,52,5.5,73,87,100,0,2,77.65,Good
218,98,7.9,91,64,48,6,2,93.25,Excellent
219,86,1.9,87,94,86,5,4,66.95,Average
220,98,4.0,99,66,72,7,4,75.65,Good
221,66,1.7,57,62,72,4,1,56.75,Average
222,98,7.8,79,78,58,0,4,80.75,Good
223,51,3.5,74,75,42,0,3,50.65,Average
224,51,9.1,80,97,49,8,4,94.35,Excellent
225,77,5.7,68,57,79,9,3,81.95,Good
226,72,8.2,91,82,86,5,4,94.55,Excellent
227,86,9.8,68,66,81,9,1,100.0,Excellent
228,81,8.6,77,91,40,4,3,89.9,Excellent
229,82,8.8,81,67,68,0,0,95.45,Excellent
230,50,4.7,60,58,89,5,3,67.9,Average
231,68,6.0,81,73,73,5,1,86.05,Excellent
232,51,3.3,52,68,90,2,3,57.55,Average
233,93,2.8,88,90,52,7,4,68.05,Average
234,75,5.5,80,62,93,0,4,69.75,Average
235,81,6.4,56,71,40,0,1,71.75,Good
236,55,4.1,95,41,73,5,2,67.3,Average
237,81,6.1,48,71,68,9,4,79.15,Good
238,53,9.0,80,90,87,0,0,100.0,Excellent
239,60,6.0,40,99,86,5,1,86.5,Excellent
240,66,7.5,41,99,52,0,3,74.75,Good
241,87,8.2,99,81,87,5,3,100.0,Excellent
242,73,9.9,87,54,88,2,0,100.0,Excellent
243,54,6.4,68,53,92,7,4,77.8,Good
244,83,8.3,72,63,100,5,1,100.0,Excellent
245,55,9.7,49,94,68,10,0,100.0,Excellent
246,71,9.5,89,52,78,0,4,85.5,Excellent
247,60,2.3,97,69,63,4,1,64.45,Average
248,97,4.7,99,77,65,7,3,82.8,Good
249,65,3.9,79,45,56,2,1,61.3,Average
250,82,1.8,60,83,46,5,2,57.6,Average
251,58,6.7,67,72,52,4,1,80.05,Good
252,55,7.6,50,98,44,5,2,83.65,Good
253,65,8.6,94,42,65,9,1,98.75,Excellent
254,78,2.1,73,68,88,0,2,58.35,Average
255,52,8.9,47,82,42,6,3,84.15,Good
256,69,6.8,98,90,46,8,4,86.25,Excellent
257,85,7.3,61,99,97,1,2,93.1,Excellent
258,68,9.2,47,65,88,9,2,100.0,Excellent
259,75,6.6,88,38,78,4,3,77.65,Good
260,52,4.0,54,84,92,9,2,78.6,Good
261,68,8.4,56,64,40,3,0,85.9,Excellent
262,69,4.3,99,93,88,5,3,81.4,Good
263,81,1.3,62,79,56,5,0,62.45,Average
264,56,8.5,63,38,82,10,3,90.35,Excellent
265,90,4.1,84,60,64,1,2,66.9,Average
266,82,8.0,58,61,98,1,0,94.3,Excellent
267,89,4.3,44,80,100,3,2,75.95,Good
268,88,8.7,71,98,42,0,3,86.35,Excellent
269,67,3.0,83,85,54,8,2,71.3,Good
270,89,9.8,40,84,68,6,0,100.0,Excellent
271,50,8.0,62,40,92,6,0,92.2,Excellent
272,60,2.0,76,93,82,2,2,62.4,Average
273,77,6.1,47,49,71,10,1,85.1,Excellent
274,74,9.9,52,64,65,2,3,88.2,Excellent
275,99,5.2,47,76,99,0,3,73.9,Good
276,72,2.6,96,71,55,2,2,60.4,Average
277,80,5.4,62,76,64,2,1,76.3,Good
278,79,5.6,82,69,93,3,0,89.05,Excellent
279,91,7.7,40,40,67,3,4,72.05,Good
280,84,7.3,84,52,48,2,4,72.7,Good
281,56,4.6,90,63,95,9,2,84.0,Good
282,65,3.0,63,93,95,7,1,79.3,Good
283,75,6.8,74,81,40,7,1,88.05,Excellent
284,97,4.8,63,51,68,0,3,62.8,Average
285,98,2.2,56,56,96,6,0,73.5,Good
286,51,9.1,44,71,61,10,1,98.15,Excellent
287,50,7.2,59,83,55,1,4,69.45,Average
288,97,7.1,60,47,80,0,0,84.45,Good
289,61,8.4,79,68,90,2,0,97.6,Excellent
290,54,5.8,97,87,83,3,2,84.15,Good
291,86,8.3,70,85,90,5,1,100.0,Excellent
292,81,5.5,85,37,93,9,2,85.9,Excellent
293,58,1.6,75,76,80,4,1,62.15,Average
294,90,4.6,50,66,46,3,3,61.9,Average
295,84,5.5,91,85,53,7,2,85.85,Excellent
296,68,7.5,54,80,68,10,2,94.4,Excellent
297,97,2.0,58,55,58,3,4,48.35,Needs Improvement
298,65,2.3,46,78,58,9,2,62.85,Average
299,52,3.4,90,45,41,1,1,54.0,Average
300,69,3.4,67,35,80,2,4,51.4,Average
301,73,7.6,90,97,84,5,2,100.0,Excellent
302,82,3.3,82,58,54,7,2,68.0,Average
303,73,6.7,97,47,42,7,3,78.3,Good
304,60,5.4,44,45,50,10,2,70.6,Good
305,98,6.2,44,85,92,8,0,99.7,Excellent
306,57,8.5,69,51,85,6,4,85.6,Excellent
307,85,4.6,93,58,69,1,0,76.6,Good
308,87,7.9,71,53,96,7,4,91.5,Excellent
309,89,4.8,47,71,79,6,3,74.4,Good
310,69,4.2,49,42,57,7,2,63.0,Average
311,84,9.6,77,62,90,2,2,99.55,Excellent
312,97,2.7,86,39,87,6,2,69.15,Average
313,74,1.8,71,51,41,9,4,50.65,Average
314,84,7.9,87,70,71,8,2,99.35,Excellent
315,74,1.6,67,53,47,2,0,52.15,Average
316,78,8.5,56,98,61,9,2,100.0,Excellent
317,67,4.9,70,45,45,5,3,61.55,Average
318,95,9.2,47,88,51,1,0,96.6,Excellent
319,67,7.5,79,79,86,1,2,87.9,Excellent
320,51,6.5,64,81,96,4,2,85.15,Excellent
321,84,9.5,48,46,79,4,1,95.3,Excellent
322,65,4.6,41,55,75,6,4,61.9,Average
323,90,9.6,54,45,54,1,0,90.9,Excellent
324,85,2.2,89,39,67,10,1,70.3,Good
325,82,5.4,42,90,91,6,3,81.8,Good
326,53,3.4,88,54,96,4,4,62.15,Average
327,82,5.9,75,75,88,5,0,93.15,Excellent
328,63,2.5,43,80,84,7,2,65.7,Average
329,70,8.6,53,46,57,9,0,95.55,Excellent
330,97,8.6,80,51,41,3,2,86.45,Excellent
331,69,9.6,80,53,52,6,4,88.35,Excellent
332,57,2.4,64,60,84,5,2,60.45,Average
333,56,6.6,97,82,93,9,3,95.45,Excellent
334,52,5.3,94,86,54,1,2,71.9,Good
335,66,4.1,89,89,59,7,3,74.85,Good
336,82,4.2,49,67,68,9,4,69.15,Average
337,97,4.7,60,96,98,8,4,85.85,Excellent
338,61,7.3,75,57,81,4,0,90.5,Excellent
339,100,6.4,51,49,68,9,3,82.55,Good
340,71,5.1,66,61,42,3,3,62.15,Average
341,71,1.7,79,98,58,5,1,66.7,Average
342,95,1.7,41,85,42,7,1,61.8,Average
343,79,1.0,93,87,93,10,1,78.8,Good
344,87,9.7,52,85,53,2,2,93.95,Excellent
345,87,1.0,92,81,79,9,1,74.35,Good
346,94,1.9,71,38,98,10,3,67.45,Average
347,100,3.8,70,41,94,10,2,80.5,Good
348,57,8.3,55,69,43,0,4,68.7,Average
349,76,9.7,71,82,98,3,0,100.0,Excellent
350,76,8.1,71,79,99,3,1,99.65,Excellent
351,83,7.2,99,53,91,0,4,80.1,Good
352,70,5.7,73,97,50,8,3,82.35,Good
353,79,1.8,50,72,97,2,0,65.15,Average
354,82,9.6,49,93,70,4,4,94.25,Excellent
355,77,7.8,54,47,82,5,0,91.95,Excellent
356,96,6.8,56,81,71,7,1,94.7,Excellent
357,82,7.8,79,95,66,5,3,93.85,Excellent
358,54,7.5,57,65,69,2,0,83.95,Good
359,97,6.7,94,56,82,5,4,85.25,Excellent
360,68,9.8,48,77,41,0,1,87.0,Excellent
361,53,9.1,64,88,88,3,1,99.75,Excellent
362,84,6.8,79,44,48,5,4,72.35,Good
363,98,7.2,98,76,67,6,4,91.0,Excellent
364,66,1.5,53,98,70,10,0,73.95,Good
365,93,7.0,99,55,99,10,2,100.0,Excellent
366,77,1.4,97,100,73,9,1,78.2,Good
367,79,6.3,64,75,100,2,0,90.95,Excellent
368,78,10.0,89,58,95,8,4,100.0,Excellent
369,95,6.0,61,69,54,6,0,87.0,Excellent
370,55,5.3,91,90,87,0,4,71.8,Good
371,84,3.8,69,64,64,1,3,60.05,Average
372,90,2.1,59,91,75,0,4,54.05,Average
373,86,7.6,60,81,47,10,4,88.5,Excellent
374,73,2.7,83,69,48,8,4,60.3,Average
375,78,2.0,71,53,97,8,2,68.35,Average
376,98,4.8,90,42,97,6,4,77.0,Good
377,95,8.2,85,60,76,9,1,100.0,Excellent
378,80,7.7,88,64,87,2,1,93.9,Excellent
379,84,1.5,95,41,84,4,0,65.35,Average
380,82,5.1,60,99,78,3,2,80.7,Good
381,70,5.7,74,70,71,6,0,87.3,Excellent
382,81,6.8,97,59,97,8,1,100.0,Excellent
383,72,6.9,71,71,91,1,1,86.85,Excellent
384,82,4.3,69,35,56,7,3,63.85,Average
385,52,6.0,94,49,74,8,4,76.5,Good
386,67,5.3,78,71,76,9,1,88.15,Excellent
387,74,9.0,88,47,58,9,0,100.0,Excellent
388,91,5.8,51,42,83,8,0,87.3,Excellent
389,80,5.0,80,39,68,9,4,71.9,Good
390,52,4.6,86,94,98,6,4,79.1,Good
391,89,6.2,57,35,46,8,3,72.1,Good
392,95,8.2,60,70,67,8,2,97.65,Excellent
393,73,5.8,52,69,48,2,0,74.15,Good
394,99,7.0,60,100,67,3,4,84.75,Good
395,81,7.6,47,97,45,1,0,87.1,Excellent
396,96,5.7,85,57,68,9,4,82.15,Good
397,71,4.8,79,43,97,2,1,74.5,Good
398,72,8.9,85,68,56,10,0,100.0,Excellent
399,51,4.8,46,80,55,10,1,77.55,Good
400,76,5.2,62,38,62,4,0,72.7,Good
401,91,9.9,83,64,70,4,2,100.0,Excellent
402,51,1.0,71,37,42,5,3,37.6,Needs Improvement
403,75,2.7,50,48,60,6,1,59.85,Average
404,66,4.5,61,94,65,6,4,70.35,Good
405,89,9.4,61,79,75,0,2,94.3,Excellent
406,82,1.6,82,68,81,1,0,63.9,Average
407,58,1.1,64,79,76,8,1,63.8,Average
408,92,1.5,61,95,92,9,0,81.35,Good
409,97,1.8,67,50,61,1,0,57.3,Average
410,88,1.3,68,100,81,5,0,73.6,Good
411,78,5.3,52,74,51,10,3,77.0,Good
412,91,6.2,57,51,81,10,3,85.6,Excellent
413,75,3.4,41,68,100,0,4,56.0,Average
414,84,4.6,68,50,52,2,1,66.2,Average
415,99,1.8,60,94,50,1,2,57.15,Average
416,74,4.0,54,100,93,2,2,74.8,Good
417,73,5.7,91,100,55,4,2,84.1,Good
418,62,7.6,66,47,47,10,0,91.0,Excellent
419,56,1.0,89,90,79,9,3,65.05,Average
420,85,5.2,70,65,98,5,1,86.35,Excellent
421,94,3.7,54,68,96,8,0,85.5,Excellent
422,69,8.7,90,73,79,10,3,100.0,Excellent
423,50,7.4,62,42,84,9,3,83.5,Good
424,57,6.3,63,89,98,3,1,88.4,Excellent
425,95,3.5,83,61,41,6,1,70.6,Good
426,65,9.2,52,87,69,5,1,99.25,Excellent
427,63,1.4,61,73,69,1,0,55.5,Average
428,61,2.0,82,99,51,9,4,62.95,Average
429,100,4.5,76,51,49,10,1,80.9,Good
430,72,2.1,100,64,83,10,4,68.7,Average
431,64,9.6,72,87,50,10,0,100.0,Excellent
432,77,8.2,95,47,54,7,4,85.5,Excellent
433,83,3.3,42,55,55,6,2,60.25,Average
434,51,6.3,93,53,56,6,4,71.9,Good
435,81,9.8,58,87,65,7,1,100.0,Excellent
436,72,9.0,62,53,41,10,0,98.9,Excellent
437,71,6.4,68,91,89,0,1,85.85,Excellent
438,100,9.1,69,59,51,0,2,86.85,Excellent
439,74,9.9,78,65,90,7,1,100.0,Excellent
440,71,7.7,83,89,65,3,1,93.9,Excellent
441,71,1.6,86,57,62,4,1,58.35,Average
442,98,4.6,64,66,57,7,3,73.4,Good
443,91,8.5,76,96,71,4,2,100.0,Excellent
444,55,3.1,86,44,88,9,1,73.55,Good
445,64,8.5,47,88,77,3,1,93.65,Excellent
446,92,2.1,81,86,96,5,1,77.35,Good
447,86,1.4,97,54,86,4,0,68.45,Average
448,82,4.5,55,66,42,6,3,64.65,Average
449,57,1.3,47,48,77,9,0,60.6,Average
450,93,9.6,40,84,42,6,3,93.15,Excellent
451,93,8.4,83,62,69,3,1,96.1,Excellent
452,54,8.2,44,87,100,4,2,93.1,Excellent
453,88,6.7,42,58,40,2,4,63.6,Average
454,53,2.9,40,56,69,3,4,45.95,Needs Improvement
455,55,5.7,43,64,84,3,1,74.3,Good
456,94,6.4,79,97,71,2,0,94.55,Excellent
457,81,5.7,74,38,67,9,2,80.25,Good
458,79,3.3,71,93,60,4,3,66.6,Average
459,96,5.6,81,42,97,4,1,85.35,Excellent
460,84,5.4,73,46,85,10,2,85.75,Excellent
461,89,10.0,82,65,52,6,2,100.0,Excellent
462,65,9.1,64,68,66,3,3,87.15,Excellent
463,62,5.2,49,83,75,3,2,72.75,Good
464,99,6.6,60,91,46,8,0,96.25,Excellent
465,91,7.7,85,60,61,5,0,96.6,Excellent
466,79,1.3,78,52,49,3,0,54.75,Average
467,68,9.1,66,72,78,1,2,91.1,Excellent
468,66,8.7,66,84,92,5,0,100.0,Excellent
469,68,5.1,41,42,54,1,3,53.55,Average
470,77,4.5,80,75,54,4,2,71.85,Good
471,75,3.5,87,40,43,5,4,53.9,Average
472,86,5.3,52,78,71,3,2,75.5,Good
473,75,1.4,48,98,62,2,3,51.45,Average
474,72,8.7,91,63,94,6,4,96.35,Excellent
475,58,1.3,75,62,45,1,2,43.35,Needs Improvement
476,61,4.0,61,45,63,10,0,74.9,Good
477,50,9.4,81,99,59,5,1,100.0,Excellent
478,50,7.6,65,53,97,3,1,86.75,Excellent
479,96,3.5,97,43,76,5,0,77.75,Good
480,83,3.3,93,61,59,3,1,68.4,Average
481,81,1.0,51,68,51,3,1,50.1,Average
482,97,7.3,56,78,72,3,0,93.95,Excellent
483,74,1.4,53,49,67,8,0,61.25,Average
484,89,5.8,53,85,47,6,2,79.7,Good
485,94,9.7,96,47,40,2,2,91.4,Excellent
486,50,2.0,73,83,76,2,0,63.25,Average
487,65,9.1,92,90,61,5,3,97.75,Excellent
488,88,9.9,96,85,45,5,1,100.0,Excellent
489,54,1.6,59,71,100,3,2,57.65,Average
490,71,8.9,50,51,60,8,1,93.85,Excellent
491,78,5.6,55,92,71,3,4,73.05,Good
492,52,9.2,90,63,74,8,0,100.0,Excellent
493,61,6.1,70,67,54,3,3,69.85,Average
494,75,7.0,94,94,44,1,4,77.45,Good
495,65,5.9,45,89,99,1,4,73.1,Good
496,100,8.8,95,44,95,4,4,95.05,Excellent
497,86,7.6,58,81,85,3,0,97.3,Excellent
498,71,5.7,76,57,89,6,2,82.75,Good
499,78,8.8,97,55,87,10,0,100.0,Excellent
500,63,3.2,43,47,45,4,2,50.3,Average
501,77,2.4,86,67,64,5,4,58.15,Average
502,54,2.4,100,58,95,9,4,67.2,Average
503,96,4.0,43,45,85,3,3,62.35,Average
504,98,3.1,59,51,98,1,2,64.35,Average
505,79,9.4,49,81,95,9,4,100.0,Excellent
506,95,2.0,63,59,79,8,1,70.3,Good
507,54,7.3,93,55,68,9,3,87.65,Excellent
508,61,2.7,74,46,46,6,0,61.15,Average
509,65,8.9,65,71,79,3,3,89.5,Excellent
510,75,9.7,76,76,52,2,1,96.75,Excellent
511,75,5.2,77,51,77,9,2,81.9,Good
512,97,8.9,60,82,57,2,0,98.85,Excellent
513,70,1.0,93,62,41,8,0,62.05,Average
514,88,8.4,79,75,47,4,2,91.45,Excellent
515,85,3.1,78,81,50,2,3,60.15,Average
516,82,9.2,60,52,72,4,4,86.1,Excellent
517,79,1.0,49,47,93,1,3,44.7,Needs Improvement
518,86,6.0,77,47,100,10,1,95.85,Excellent
519,72,7.8,85,65,77,3,4,83.45,Good
520,59,3.3,43,36,87,9,3,60.9,Average
521,54,2.7,99,50,66,1,2,55.15,Average
522,85,1.8,96,43,59,1,1,55.05,Average
523,83,3.9,84,72,51,7,1,76.65,Good
524,80,6.0,59,88,82,0,1,81.85,Good
525,59,2.0,56,90,100,6,4,62.25,Average
526,68,4.4,94,79,70,4,0,82.1,Good
527,81,1.1,46,68,66,10,4,54.35,Average
528,50,8.4,43,43,71,7,3,80.25,Good
529,54,2.2,68,42,100,0,0,57.7,Average
530,94,3.6,53,41,49,10,3,64.05,Average
531,53,1.2,42,70,42,6,0,51.65,Average
532,65,4.9,63,52,84,4,4,64.9,Average
533,73,8.6,76,37,66,3,1,87.45,Excellent
534,65,4.5,55,62,74,6,2,70.7,Good
535,51,2.6,97,78,70,9,1,75.3,Good
536,98,7.8,94,55,54,1,4,79.1,Good
537,77,8.1,91,62,55,0,0,89.1,Excellent
538,81,2.6,43,88,100,0,1,66.2,Average
539,76,7.9,95,88,52,10,4,96.15,Excellent
540,69,9.5,63,99,88,0,3,95.7,Excellent
541,73,2.5,73,55,74,4,2,60.2,Average
542,61,7.9,69,47,91,9,1,97.1,Excellent
543,99,7.4,57,91,50,6,0,97.6,Excellent
544,84,5.3,58,83,98,1,3,76.5,Good
545,82,1.5,70,88,60,9,4,61.4,Average
546,82,1.7,99,44,90,7,2,66.95,Average
547,100,8.7,99,87,93,3,0,100.0,Excellent
548,92,9.9,58,78,50,2,4,88.6,Excellent
549,86,7.1,88,81,69,9,4,93.1,Excellent
550,61,5.0,85,87,99,10,1,96.1,Excellent
551,52,6.8,58,80,87,7,1,91.4,Excellent
552,50,6.3,61,47,92,1,0,77.45,Good
553,82,4.5,63,71,74,10,4,76.25,Good
554,89,1.6,84,58,61,10,1,69.75,Average
555,59,8.4,51,36,77,2,2,78.1,Good
556,92,4.3,69,48,70,2,2,66.25,Average
557,93,8.4,97,44,53,9,4,91.4,Excellent
558,78,3.3,77,69,63,10,1,78.15,Good
559,62,1.0,92,59,89,0,0,57.7,Average
560,61,2.4,70,37,88,5,0,64.15,Average
561,80,5.2,75,51,71,1,0,75.15,Good
562,95,9.5,58,46,75,0,2,88.65,Excellent
563,51,1.9,87,88,71,1,1,60.5,Average
564,100,8.7,84,58,94,5,1,100.0,Excellent
565,99,5.7,75,63,54,3,2,76.5,Good
566,84,8.4,69,77,82,5,0,100.0,Excellent
567,72,3.7,94,59,97,8,0,86.6,Excellent
568,66,8.6,88,94,74,9,4,100.0,Excellent
569,75,8.0,94,99,42,9,3,98.05,Excellent
570,57,3.1,72,62,55,7,1,65.75,Average
571,78,2.2,57,50,44,0,1,47.05,Needs Improvement
572,75,8.8,91,81,60,7,1,100.0,Excellent
573,59,9.7,88,92,100,8,3,100.0,Excellent
574,75,1.3,98,61,49,5,4,49.95,Needs Improvement
575,83,7.6,67,87,58,9,3,94.0,Excellent
576,100,9.2,98,76,64,4,0,100.0,Excellent
577,90,8.7,86,93,43,5,0,100.0,Excellent
578,56,9.7,50,81,100,5,1,100.0,Excellent
579,53,7.8,96,68,68,8,2,94.55,Excellent
580,99,5.0,99,71,58,3,1,82.0,Good
581,94,3.8,93,40,82,1,2,66.95,Average
582,60,3.9,84,41,41,10,3,63.5,Average
583,78,7.5,72,59,49,10,0,96.6,Excellent
584,85,7.7,56,67,100,8,2,99.05,Excellent
585,74,2.8,45,89,82,1,3,58.55,Average
586,70,8.8,43,92,64,9,0,100.0,Excellent
587,85,7.4,59,41,59,8,2,84.6,Good
588,59,6.1,87,91,87,1,1,86.5,Excellent
589,86,5.2,86,46,58,7,1,80.1,Good
590,58,5.9,66,50,62,8,1,79.5,Good
591,73,2.4,54,77,63,9,3,63.55,Average
592,84,2.8,45,41,50,8,1,60.55,Average
593,98,1.8,86,85,85,9,4,72.1,Good
594,84,2.4,53,66,73,8,0,72.35,Good
595,97,5.1,99,42,94,1,3,74.6,Good
596,85,5.8,50,79,67,3,1,79.95,Good
597,67,1.2,78,93,44,6,0,64.15,Average
598,98,8.2,48,38,98,1,2,85.6,Excellent
599,88,3.6,65,63,44,0,1,59.35,Average
600,81,9.2,55,63,90,2,0,100.0,Excellent
601,73,9.7,44,62,60,3,4,82.95,Good
602,72,2.7,96,78,51,7,2,69.0,Average
603,81,5.2,91,38,89,5,4,72.7,Good
604,86,1.0,100,43,43,10,0,65.1,Average
605,61,6.4,49,39,93,1,4,64.4,Average
606,98,6.5,89,90,88,8,0,100.0,Excellent
607,62,3.2,42,84,81,1,0,66.1,Average
608,72,6.0,52,49,59,4,4,64.2,Average
609,74,3.0,82,66,77,3,0,71.5,Good
610,84,2.4,88,62,64,6,1,69.0,Average
611,90,6.9,69,56,53,7,0,90.65,Excellent
612,79,3.9,93,51,50,4,3,62.5,Average
613,66,6.3,84,93,71,9,0,100.0,Excellent
614,98,4.9,45,91,50,4,3,71.15,Good
615,69,9.9,56,60,100,1,0,100.0,Excellent
616,97,2.3,98,59,57,7,0,74.45,Good
617,74,5.2,84,44,66,1,4,61.2,Average
618,71,7.1,90,79,94,9,1,100.0,Excellent
619,62,4.6,92,45,93,5,1,78.2,Good
620,68,9.8,58,87,57,7,2,100.0,Excellent
621,98,7.5,81,62,95,5,4,91.25,Excellent
622,85,6.9,74,99,62,3,4,83.05,Good
623,61,7.8,85,83,50,3,1,89.0,Excellent
624,90,9.6,65,81,60,5,4,94.95,Excellent
625,68,9.2,90,86,83,3,1,100.0,Excellent
626,61,7.5,44,88,44,7,4,78.15,Good
627,58,7.7,68,94,62,8,0,100.0,Excellent
628,56,2.3,76,91,80,0,1,62.5,Average
629,77,1.9,59,81,98,3,1,67.2,Average
630,63,6.1,88,65,64,3,3,74.45,Good
631,80,1.2,60,80,80,1,4,48.5,Needs Improvement
632,68,5.3,49,60,93,5,4,70.15,Good
633,96,2.9,44,39,49,2,1,53.1,Average
634,65,4.1,75,86,61,6,0,79.9,Good
635,54,8.0,45,88,58,10,0,99.05,Excellent
636,84,9.5,65,67,40,10,0,100.0,Excellent
637,61,1.7,43,84,46,4,4,44.1,Needs Improvement
638,74,5.8,78,72,43,3,3,70.3,Good
639,70,8.9,78,61,40,4,1,89.9,Excellent
640,85,1.7,89,49,54,7,2,59.7,Average
641,72,8.4,74,95,79,2,3,92.7,Excellent
642,65,4.2,40,55,51,6,2,60.95,Average
643,88,3.9,63,80,61,5,3,68.85,Average
644,94,9.8,96,40,61,0,0,97.7,Excellent
645,91,2.8,75,72,89,6,4,68.1,Average
646,88,7.2,45,96,86,6,2,95.35,Excellent
647,63,8.4,80,96,56,0,3,84.85,Good
648,80,1.4,93,80,68,8,4,62.55,Average
649,54,7.0,85,47,85,5,2,83.75,Good
650,84,9.6,99,37,53,1,1,91.95,Excellent
651,72,2.1,83,40,89,4,3,56.55,Average
652,78,9.1,99,42,59,10,1,100.0,Excellent
653,92,6.4,96,78,89,3,0,98.1,Excellent
654,60,6.5,70,67,87,6,1,88.8,Excellent
655,67,6.5,59,84,72,7,1,90.1,Excellent
656,96,3.7,63,45,94,10,3,76.15,Good
657,61,9.4,64,62,98,10,0,100.0,Excellent
658,58,9.5,75,75,82,0,1,95.85,Excellent
659,59,6.6,60,50,54,4,4,65.65,Average
660,93,8.1,69,82,51,2,2,88.4,Excellent
661,66,6.5,63,90,79,0,1,82.65,Good
662,87,5.4,83,98,93,2,0,93.7,Excellent
663,56,6.9,81,93,59,5,1,89.95,Excellent
664,95,6.0,69,96,69,6,2,90.6,Excellent
665,62,6.4,61,45,77,7,0,85.35,Excellent
666,89,8.1,67,52,42,10,3,88.7,Excellent
667,91,5.3,46,53,67,3,0,75.55,Good
668,58,1.4,74,89,95,2,3,57.6,Average
669,99,2.5,94,60,65,4,0,72.45,Good
670,76,4.9,67,40,69,8,2,73.75,Good
671,51,7.5,53,38,52,5,2,72.6,Good
672,54,6.3,95,63,52,8,0,88.85,Excellent
673,78,6.9,49,93,41,5,1,84.85,Good
674,86,5.3,55,51,76,1,2,68.55,Average
675,87,6.5,55,77,88,4,3,83.8,Good
676,68,4.0,93,100,77,10,3,85.55,Excellent
677,57,5.2,70,68,41,8,4,66.85,Average
678,97,7.7,81,42,75,7,3,90.1,Excellent
679,94,8.8,64,47,93,6,4,92.7,Excellent
680,50,4.9,52,42,65,0,0,61.2,Average
681,71,1.4,45,99,50,3,0,58.7,Average
682,66,2.5,83,77,47,6,0,68.65,Average
683,56,1.2,48,73,83,10,1,64.8,Average
684,74,6.9,84,93,79,6,1,98.6,Excellent
685,94,4.0,75,78,82,5,4,72.85,Good
686,53,5.9,95,43,61,7,3,74.0,Good
687,85,5.4,82,71,59,10,3,84.05,Good
688,55,1.7,59,70,47,5,0,56.5,Average
689,80,4.6,57,62,68,9,2,77.05,Good
690,68,3.0,97,76,79,2,1,70.75,Good
691,93,4.8,82,77,65,3,1,80.15,Good
692,88,2.8,96,76,69,2,0,73.6,Good
693,76,8.6,60,100,56,0,1,91.6,Excellent
694,59,2.6,43,89,59,9,0,71.4,Good
695,75,9.6,89,82,91,4,4,100.0,Excellent
696,68,4.7,72,56,94,0,3,65.5,Average
697,88,8.6,66,61,55,0,2,83.3,Good
698,52,6.7,46,47,85,1,3,67.1,Average
699,94,7.6,45,79,82,3,3,86.55,Excellent
700,62,7.9,54,44,46,5,4,70.4,Good
701,99,5.5,57,43,55,7,1,78.0,Good
702,77,5.9,71,88,84,2,2,83.1,Good
703,69,5.6,95,61,98,0,1,81.4,Good
704,77,6.3,50,68,86,2,3,75.35,Good
705,57,1.3,59,35,95,2,0,52.9,Average
706,90,4.6,63,66,87,4,3,73.55,Good
707,88,6.5,54,54,66,10,1,89.8,Excellent
708,50,6.4,87,69,92,3,3,80.25,Good
709,52,8.1,46,51,62,3,0,82.3,Good
710,62,6.9,60,52,63,8,4,75.8,Good
711,77,9.9,81,79,48,6,1,100.0,Excellent
712,98,3.6,65,87,74,3,3,70.15,Good
713,74,4.2,83,99,90,2,1,82.35,Good
714,82,4.5,95,35,59,5,4,63.35,Average
715,87,5.2,53,92,76,2,3,74.6,Good
716,55,8.5,96,60,81,5,3,91.85,Excellent
717,93,3.1,76,54,56,10,1,74.85,Good
718,94,8.0,97,44,86,10,1,100.0,Excellent
719,81,4.6,60,93,70,8,0,88.75,Excellent
720,94,6.4,57,75,94,5,4,83.95,Good
721,96,6.7,44,39,96,3,0,86.0,Excellent
722,70,4.4,42,99,47,4,3,65.0,Average
723,65,5.6,62,51,54,5,1,72.55,Good
724,70,4.7,65,56,70,10,3,74.95,Good
725,60,1.6,76,75,92,2,3,55.8,Average
726,86,4.9,63,45,69,7,2,74.15,Good
727,85,1.9,88,90,85,3,2,68.95,Average
728,84,4.6,58,85,59,7,3,74.6,Good
729,68,6.3,90,55,99,9,1,96.5,Excellent
730,69,6.2,64,60,78,9,3,83.05,Good
731,67,7.0,60,53,92,2,2,80.05,Good
732,96,1.9,51,94,94,9,1,79.65,Good
733,90,6.9,96,81,51,6,3,88.8,Excellent
734,98,3.8,100,60,88,10,4,81.3,Good
735,63,4.6,80,74,56,8,4,70.45,Good
736,64,8.7,72,39,81,3,3,83.4,Good
737,80,1.1,89,55,69,7,1,63.15,Average
738,50,6.3,92,38,68,2,3,68.0,Average
739,52,6.4,43,57,58,6,3,69.25,Average
740,65,4.6,81,49,85,2,2,68.7,Average
741,72,3.1,96,42,50,6,4,56.1,Average
742,60,3.1,46,75,73,10,2,70.0,Average
743,61,9.0,61,53,89,9,2,99.2,Excellent
744,59,5.0,94,80,46,9,3,77.65,Good
745,81,4.0,72,62,83,10,2,80.95,Good
746,65,5.0,56,49,97,10,4,75.35,Good
747,57,7.0,63,71,73,5,2,83.3,Good
748,87,2.3,100,35,98,1,4,55.65,Average
749,61,5.0,100,58,59,10,2,81.55,Good
750,73,6.3,73,61,89,2,4,74.4,Good
751,77,9.5,67,74,77,5,2,100.0,Excellent
752,57,3.3,97,97,63,3,2,70.1,Good
753,77,4.2,82,95,49,5,1,78.15,Good
754,85,4.4,80,70,71,0,4,62.95,Average
755,75,6.4,78,58,91,9,4,86.25,Excellent
756,57,4.2,61,58,54,0,4,49.1,Needs Improvement
757,99,5.8,88,38,76,2,0,82.85,Good
758,77,8.0,56,68,59,7,2,89.85,Excellent
759,77,7.3,73,91,42,7,4,84.1,Good
760,86,5.0,45,83,76,10,0,91.45,Excellent
761,90,8.8,85,87,96,3,1,100.0,Excellent
762,85,6.0,45,57,79,5,4,72.2,Good
763,76,5.9,73,87,47,7,4,77.15,Good
764,66,1.3,40,96,79,6,0,66.4,Average
765,58,9.9,49,75,83,10,2,100.0,Excellent
766,82,2.1,60,91,95,6,1,75.0,Good
767,69,3.1,44,94,62,3,4,56.15,Average
768,62,1.5,41,88,79,8,2,62.35,Average
769,77,6.8,61,91,50,9,1,93.4,Excellent
770,97,3.0,87,44,85,5,3,66.9,Average
771,78,2.6,96,74,47,10,3,69.3,Average
772,62,1.8,41,41,68,2,1,46.25,Needs Improvement
773,95,1.9,49,72,69,4,0,65.3,Average
774,84,6.3,73,95,95,4,1,96.05,Excellent
775,55,7.2,55,37,99,4,1,82.7,Good
776,67,4.6,87,85,49,7,0,83.4,Good
777,100,5.3,90,81,78,8,0,98.8,Excellent
778,54,7.2,100,72,67,8,2,92.9,Excellent
779,96,1.2,78,70,88,5,2,65.2,Average
780,74,3.9,61,75,75,5,0,77.25,Good
781,51,9.8,51,47,100,8,3,96.7,Excellent
782,59,6.2,63,92,52,3,3,73.6,Good
783,79,3.3,86,84,71,5,1,76.75,Good
784,99,5.7,79,64,75,3,4,75.5,Good
785,94,4.1,77,96,76,10,1,92.55,Excellent
786,54,5.8,99,59,65,0,1,73.75,Good
787,82,2.1,98,61,61,6,4,58.9,Average
788,50,2.2,49,85,43,9,0,64.95,Average
789,67,2.3,74,91,70,10,3,70.85,Good
790,81,9.5,90,81,57,5,1,100.0,Excellent
791,96,7.6,88,73,77,8,4,95.6,Excellent
792,98,2.5,71,50,63,6,2,63.45,Average
793,60,2.7,46,56,95,6,1,65.6,Average
794,70,7.6,60,88,62,1,3,80.0,Good
795,75,2.4,59,55,61,10,0,70.3,Good
796,74,3.1,65,50,41,8,1,63.55,Average
797,71,9.7,43,93,70,9,1,100.0,Excellent
798,76,3.3,85,65,94,8,4,72.45,Good
799,98,7.0,91,76,50,5,2,90.05,Excellent
800,62,9.8,61,66,67,2,2,91.05,Excellent
801,82,4.4,54,93,85,0,0,78.0,Good
802,83,1.2,95,68,71,3,3,56.0,Average
803,90,3.2,79,43,44,2,0,61.75,Average
804,84,8.5,60,45,77,0,1,85.5,Excellent
805,50,8.8,54,44,49,2,1,78.2,Good
806,70,7.9,61,51,79,3,2,83.65,Good
807,97,2.0,91,82,85,7,3,73.1,Good
808,55,8.2,67,86,63,8,4,89.1,Excellent
809,77,9.3,53,59,74,2,3,86.6,Excellent
810,66,6.4,66,55,83,5,1,83.9,Good
811,54,9.5,100,99,87,9,4,100.0,Excellent
812,80,8.4,80,97,99,10,3,100.0,Excellent
813,54,7.0,79,85,62,4,3,81.35,Good
814,87,6.2,97,70,56,5,4,79.3,Good
815,52,4.1,67,100,40,3,1,67.85,Average
816,72,2.4,65,49,94,9,3,65.65,Average
817,86,6.4,88,73,70,5,4,82.2,Good
818,86,3.9,41,35,70,6,1,65.55,Average
819,59,8.8,64,57,81,8,4,90.05,Excellent
820,59,9.9,95,73,96,9,4,100.0,Excellent
821,68,7.8,42,91,94,6,3,92.5,Excellent
822,66,1.8,47,68,81,5,1,60.25,Average
823,70,3.6,83,75,92,0,3,65.35,Average
824,63,2.0,72,47,95,1,0,60.15,Average
825,58,6.9,81,40,73,0,0,77.95,Good
826,95,7.9,91,86,48,8,1,100.0,Excellent
827,50,9.3,74,37,61,9,4,86.2,Excellent
828,100,4.9,45,97,52,9,3,80.55,Good
829,94,9.1,78,83,64,8,3,100.0,Excellent
830,62,8.9,91,81,87,6,1,100.0,Excellent
831,53,3.9,62,89,57,1,1,64.45,Average
832,50,8.8,64,98,90,5,0,100.0,Excellent
833,98,4.4,98,99,51,10,2,90.4,Excellent
834,89,3.7,89,49,79,3,1,72.3,Good
835,81,6.8,82,66,56,0,2,76.85,Good
836,83,4.0,58,52,54,0,1,59.35,Average
837,77,6.7,44,77,81,4,4,77.25,Good
838,80,6.5,90,69,54,1,4,72.1,Good
839,57,6.1,50,92,54,3,0,80.25,Good
840,88,4.4,95,67,94,0,0,81.65,Good
841,75,5.9,51,48,78,3,2,72.1,Good
842,83,6.4,49,68,52,10,1,87.8,Excellent
843,52,5.9,47,95,56,5,3,73.05,Good
844,99,5.0,63,38,71,9,0,84.6,Good
845,61,1.1,99,93,48,3,3,53.2,Average
846,50,6.3,67,63,79,0,3,68.45,Average
847,93,2.5,80,40,59,6,1,64.25,Average
848,54,6.8,75,83,65,1,2,78.45,Good
849,79,7.8,76,74,66,8,1,99.25,Excellent
850,79,5.5,60,99,60,2,0,83.15,Good
851,66,5.9,47,61,57,7,3,71.55,Good
852,97,9.6,94,40,52,7,1,100.0,Excellent
853,96,8.6,48,47,55,2,1,85.0,Good
854,72,9.2,86,98,48,3,1,100.0,Excellent
855,64,8.3,54,96,51,1,0,90.1,Excellent
856,86,2.0,87,53,83,3,2,61.65,Average
857,70,2.3,85,77,77,10,1,77.55,Good
858,63,5.7,79,54,58,10,0,87.2,Excellent
859,51,3.2,57,78,99,10,3,73.6,Good
860,60,5.3,81,57,46,8,4,68.25,Average
861,100,4.5,99,36,96,1,0,80.25,Good
862,88,5.9,59,56,74,2,4,68.55,Average
863,87,7.7,45,91,87,10,1,100.0,Excellent
864,83,7.4,51,41,57,10,1,88.7,Excellent
865,87,5.7,41,90,55,3,0,81.2,Good
866,99,8.4,46,50,94,4,4,86.55,Excellent
867,83,4.9,55,85,78,0,1,74.8,Good
868,67,9.1,42,46,43,6,3,79.65,Good
869,79,1.6,84,87,98,9,2,76.95,Good
870,64,9.6,42,39,64,6,2,87.5,Excellent
871,76,6.9,66,61,71,8,1,91.2,Excellent
872,100,4.4,89,46,79,3,4,67.85,Average
873,83,2.8,82,51,52,5,1,63.85,Average
874,87,5.3,79,40,84,10,4,79.2,Good
875,82,2.8,77,39,56,1,3,49.35,Needs Improvement
876,73,2.5,72,91,88,3,4,62.55,Average
877,64,6.6,67,62,76,1,1,78.75,Good
878,79,5.7,40,93,45,9,3,78.45,Good
879,91,7.0,94,67,58,4,0,93.75,Excellent
880,100,9.4,47,96,52,6,2,100.0,Excellent
881,66,5.8,76,84,96,0,1,83.3,Good
882,54,6.2,71,53,99,9,1,90.65,Excellent
883,78,1.8,99,100,65,9,1,79.05,Good
884,53,7.5,87,81,53,6,3,85.3,Excellent
885,59,4.6,82,73,70,9,0,86.25,Excellent
886,66,9.8,76,67,93,5,4,97.8,Excellent
887,59,8.4,43,47,43,5,0,82.8,Good
888,66,5.7,69,88,99,7,3,87.65,Excellent
889,69,2.1,45,41,78,7,1,58.9,Average
890,73,8.7,85,48,47,5,2,87.7,Excellent
891,54,8.2,93,53,64,2,1,86.45,Excellent
892,83,2.7,58,88,52,4,4,56.65,Average
893,55,3.7,71,54,71,1,2,57.9,Average
894,51,8.1,48,63,98,4,1,90.55,Excellent
895,62,2.7,51,58,77,8,2,63.45,Average
896,92,9.3,50,97,77,9,0,100.0,Excellent
897,92,4.8,85,91,95,0,3,78.75,Good
898,97,1.8,94,42,67,9,1,69.95,Average
899,60,8.3,55,96,92,4,4,90.35,Excellent
900,100,4.4,40,63,69,5,0,76.9,Good
901,96,5.7,84,51,42,10,1,86.1,Excellent
902,72,2.0,94,100,67,6,0,77.3,Good
903,65,1.0,92,40,42,8,4,44.95,Needs Improvement
904,80,6.7,60,92,84,5,1,94.2,Excellent
905,60,5.6,69,62,93,4,4,72.35,Good
906,65,6.3,52,96,73,6,2,85.85,Excellent
907,57,8.1,73,75,55,0,4,74.0,Good
908,53,6.8,43,75,61,10,2,84.6,Good
909,89,2.6,67,83,71,4,1,70.2,Good
910,53,4.2,77,83,100,1,2,72.6,Good
911,74,9.2,97,37,77,3,1,95.95,Excellent
912,52,7.9,70,44,47,6,1,82.0,Good
913,81,6.0,98,69,94,4,3,86.45,Excellent
914,52,3.3,94,36,47,5,1,59.5,Average
915,76,3.7,66,58,96,1,2,66.1,Average
916,78,7.6,44,72,45,2,3,73.7,Good
917,81,8.7,64,56,53,6,3,87.05,Excellent
918,99,7.0,42,60,71,10,1,94.35,Excellent
919,100,8.3,72,77,74,1,4,87.0,Excellent
920,68,7.9,43,89,49,5,4,79.25,Good
921,70,2.3,64,73,42,4,3,51.6,Average
922,54,4.8,59,63,98,9,1,83.65,Good
923,67,2.4,73,54,51,0,4,42.0,Needs Improvement
924,77,3.1,65,75,88,10,1,81.4,Good
925,91,8.8,44,88,98,9,1,100.0,Excellent
926,71,5.3,74,54,70,10,3,79.05,Good
927,70,5.8,100,53,68,3,3,74.2,Good
928,55,2.6,67,100,44,10,0,75.1,Good
929,50,3.8,68,64,91,1,4,57.2,Average
930,54,3.1,48,87,64,3,4,53.5,Average
931,90,2.9,91,68,80,0,4,59.25,Average
932,61,6.7,77,56,70,1,2,74.9,Good
933,75,3.3,89,40,60,7,1,68.6,Average
934,95,6.7,45,61,97,5,3,84.6,Good
935,83,1.5,58,44,59,1,4,38.75,Needs Improvement
936,98,2.3,99,82,78,5,0,80.55,Good
937,63,3.5,83,93,61,9,4,71.7,Good
938,75,6.4,96,93,43,8,1,93.85,Excellent
939,94,7.1,50,36,52,6,1,80.7,Good
940,76,5.0,41,63,84,8,3,74.95,Good
941,58,5.0,86,99,81,4,2,82.6,Good
942,75,7.5,83,60,89,6,3,91.0,Excellent
943,96,1.1,83,44,88,10,4,61.75,Average
944,71,4.1,48,87,59,6,0,76.55,Good
945,96,8.4,60,93,91,2,3,96.2,Excellent
946,79,6.4,63,56,52,6,2,77.9,Good
947,92,4.0,73,85,56,0,3,63.95,Average
948,97,9.1,61,82,93,8,1,100.0,Excellent
949,66,8.0,42,55,75,9,4,83.7,Good
950,75,3.4,51,56,72,5,4,57.0,Average
951,85,6.8,67,64,40,4,4,71.6,Good
952,50,6.4,69,59,54,6,4,69.45,Average
953,57,4.6,65,62,52,4,4,58.1,Average
954,98,4.3,87,99,56,9,4,81.75,Good
955,84,4.1,60,79,63,4,0,76.5,Good
956,64,6.6,67,41,97,10,2,89.25,Excellent
957,96,5.0,95,83,47,9,4,81.15,Good
958,71,8.5,65,43,89,10,2,98.3,Excellent
959,63,7.0,72,70,66,6,4,79.45,Good
960,75,1.6,60,35,84,9,3,56.55,Average
961,77,6.8,74,44,62,6,4,74.85,Good
962,72,3.4,91,70,85,10,1,84.45,Good
963,63,6.3,73,80,47,2,0,80.3,Good
964,73,7.1,80,66,47,2,3,75.05,Good
965,51,3.1,90,66,98,9,3,73.95,Good
966,94,5.1,86,40,65,2,1,73.5,Good
967,75,2.7,57,82,86,5,4,62.4,Average
968,63,1.5,97,72,98,5,0,73.0,Good
969,100,4.4,50,51,52,2,3,59.1,Average
970,56,4.3,96,61,78,2,0,75.1,Good
971,52,10.0,62,88,76,7,3,100.0,Excellent
972,96,5.0,87,84,88,7,4,85.35,Excellent
973,72,4.0,61,69,67,6,3,67.15,Average
974,95,6.2,56,59,64,9,3,82.75,Good
975,92,1.8,44,62,100,3,2,60.3,Average
976,96,9.7,83,49,55,3,4,88.65,Excellent
977,94,6.7,50,38,94,2,1,81.5,Good
978,67,7.8,69,61,41,4,1,82.8,Good
979,87,2.5,54,60,93,2,4,55.25,Average
980,84,4.7,66,53,57,7,1,75.5,Good
981,100,4.8,74,51,56,6,4,68.5,Average
982,64,8.4,72,77,69,2,1,91.6,Excellent
983,74,1.0,59,75,78,8,2,61.55,Average
984,86,3.7,100,76,52,4,1,75.0,Good
985,77,9.8,55,84,71,8,3,100.0,Excellent
986,59,5.3,73,74,89,6,4,75.9,Good
987,88,4.4,41,73,68,6,0,78.55,Good
988,66,2.1,74,57,85,5,0,67.4,Average
989,88,9.8,79,86,69,1,4,94.55,Excellent
990,71,1.2,95,81,57,8,2,64.5,Average
991,75,7.6,67,97,52,5,1,93.6,Excellent
992,93,7.9,86,77,82,7,2,100.0,Excellent
993,74,3.2,78,82,60,0,0,67.2,Average
994,66,7.0,45,68,69,4,4,73.05,Good
995,62,1.8,48,74,60,0,4,40.3,Needs Improvement
996,69,3.3,59,95,87,9,2,79.6,Good
997,74,8.1,99,84,94,10,2,100.0,Excellent
998,53,8.8,40,96,56,7,1,95.85,Excellent
999,59,6.5,47,92,79,7,3,84.1,Good
1000,52,5.6,94,67,58,0,3,65.9,Average
